,GAME_DATE_EST,GAME_ID,GAME_STATUS_TEXT,HOME_TEAM_ID,VISITOR_TEAM_ID,SEASON,TEAM_ID_home,PTS_home,FG_PCT_home,FT_PCT_home,FG3_PCT_home,AST_home,REB_home,TEAM_ID_away,PTS_away,FG_PCT_away,FT_PCT_away,FG3_PCT_away,AST_away,REB_away,HOME_TEAM_WINS
0,2023-10-27 00:00:00,22300083,,1610612759,1610612745,2023,,126.0,48.9,75.0,31.0,32.0,43.0,,122.0,52.0,50.0,25.0,30.0,43.0,1
1,2023-10-27 00:00:00,22300077,,1610612766,1610612765,2023,,99.0,37.5,76.5,25.0,20.0,41.0,,111.0,45.5,84.0,33.3,28.0,53.0,0
2,2023-10-27 00:00:00,22300087,,1610612758,1610612744,2023,,114.0,43.6,69.0,30.0,24.0,41.0,,122.0,55.2,85.7,43.8,32.0,39.0,0
3,2023-10-27 00:00:00,22300086,,1610612757,1610612753,2023,,97.0,39.8,85.7,28.1,15.0,47.0,,102.0,45.6,65.6,32.1,22.0,45.0,0
4,2023-10-27 00:00:00,22300078,,1610612763,1610612743,2023,,104.0,43.5,83.3,30.3,22.0,48.0,,108.0,46.6,66.7,37.8,27.0,40.0,0
5,2023-10-27 00:00:00,22300085,,1610612762,1610612746,2023,,120.0,43.8,90.9,39.0,27.0,45.0,,118.0,53.2,78.6,40.0,17.0,36.0,1
6,2023-10-27 00:00:00,22300082,,1610612741,1610612761,2023,,104.0,37.4,78.6,20.5,18.0,52.0,,103.0,46.4,64.0,25.0,25.0,53.0,1
7,2023-10-27 00:00:00,22300084,,1610612742,1610612751,2023,,125.0,48.4,78.6,41.7,20.0,40.0,,120.0,48.9,90.0,48.8,30.0,47.0,1
8,2023-10-27 00:00:00,22300081,,1610612739,1610612760,2023,,105.0,41.3,73.9,26.7,20.0,48.0,,108.0,46.0,78.9,50.0,22.0,47.0,0
9,2023-10-27 00:00:00,22300080,,1610612738,1610612748,2023,,119.0,47.4,68.4,41.0,20.0,55.0,,111.0,42.7,82.6,48.5,24.0,45.0,1
10,2023-10-27 00:00:00,22300079,,1610612737,1610612752,2023,,120.0,48.3,80.0,37.5,28.0,44.0,,126.0,47.8,71.4,45.5,30.0,45.0,0
11,2023-10-26 00:00:00,22300076,,1610612747,1610612756,2023,,100.0,42.9,79.3,17.2,24.0,42.0,,95.0,42.0,78.3,29.0,16.0,49.0,1
12,2023-10-26 00:00:00,22300075,,1610612749,1610612755,2023,,118.0,50.6,69.4,36.7,20.0,43.0,,117.0,51.3,67.9,45.7,25.0,39.0,1
13,2023-10-25 00:00:00,22300074,,1610612746,1610612757,2023,,123.0,52.2,81.3,47.1,36.0,45.0,,111.0,47.3,76.5,31.3,20.0,40.0,1
14,2023-10-25 00:00:00,22300066,,1610612753,1610612745,2023,,116.0,48.3,88.5,26.5,19.0,57.0,,86.0,40.5,62.5,35.3,19.0,31.0,1
15,2023-10-25 00:00:00,22300073,,1610612759,1610612742,2023,,119.0,51.7,72.7,31.4,33.0,45.0,,126.0,47.5,73.9,31.9,24.0,48.0,0
16,2023-10-25 00:00:00,22300071,,1610612763,1610612740,2023,,104.0,41.8,80.0,27.9,23.0,37.0,,111.0,47.1,77.3,43.8,22.0,52.0,0
17,2023-10-25 00:00:00,22300070,,1610612741,1610612760,2023,,104.0,41.5,77.8,28.6,26.0,42.0,,124.0,54.9,83.3,48.7,30.0,43.0,0
18,2023-10-25 00:00:00,22300069,,1610612761,1610612750,2023,,97.0,40.0,68.8,40.0,27.0,47.0,,94.0,34.0,81.8,25.8,20.0,62.0,1
19,2023-10-25 00:00:00,22300067,,1610612751,1610612739,2023,,113.0,50.0,76.9,33.3,30.0,50.0,,114.0,46.8,90.0,39.5,25.0,38.0,0
20,2023-10-25 00:00:00,22300068,,1610612748,1610612765,2023,,103.0,40.2,80.8,36.4,22.0,48.0,,102.0,44.6,60.0,34.4,28.0,56.0,1
21,2023-10-25 00:00:00,22300065,,1610612752,1610612738,2023,,104.0,37.1,53.8,43.9,24.0,47.0,,108.0,48.1,84.6,30.8,18.0,46.0,0
22,2023-10-25 00:00:00,22300072,,1610612762,1610612758,2023,,114.0,45.1,74.2,32.1,22.0,54.0,,130.0,46.1,85.0,37.3,29.0,45.0,0
23,2023-10-25 00:00:00,22300063,,1610612766,1610612737,2023,,116.0,50.0,73.1,29.7,34.0,51.0,,110.0,41.9,81.8,17.2,24.0,42.0,1
24,2023-10-25 00:00:00,22300064,,1610612754,1610612764,2023,,143.0,52.3,91.7,46.5,38.0,51.0,,120.0,45.8,79.3,37.5,28.0,45.0,1
25,2023-12-12 00:00:00,22300309,,1610612746,1610612758,2023,,119.0,52.4,95.2,37.9,21.0,49.0,,99.0,41.9,70.8,27.0,27.0,38.0,1
26,2023-12-12 00:00:00,22300307,,1610612741,1610612743,2023,,106.0,41.9,91.3,32.5,26.0,41.0,,114.0,47.0,68.8,46.7,28.0,46.0,0
27,2023-12-12 00:00:00,22300308,,1610612756,1610612744,2023,,119.0,45.2,85.3,35.9,27.0,41.0,,116.0,44.6,66.7,34.8,26.0,51.0,1
28,2023-12-12 00:00:00,22300306,,1610612742,1610612747,2023,,127.0,49.4,85.7,48.8,28.0,36.0,,125.0,53.8,66.7,51.7,34.0,40.0,1
29,2023-12-12 00:00:00,22300305,,1610612738,1610612739,2023,,120.0,45.2,100.0,40.9,23.0,45.0,,113.0,47.8,66.7,42.2,27.0,35.0,1
30,2023-12-11 00:00:00,22300295,,1610612755,1610612764,2023,,146.0,54.7,88.0,43.5,37.0,47.0,,101.0,42.4,64.5,29.0,21.0,44.0,1
31,2023-12-11 00:00:00,22300292,,1610612766,1610612748,2023,,114.0,47.6,77.3,41.5,31.0,31.0,,116.0,48.1,79.4,42.9,31.0,43.0,0
32,2023-12-11 00:00:00,22300293,,1610612765,1610612754,2023,,123.0,55.6,76.7,34.5,26.0,30.0,,131.0,56.5,73.7,41.9,33.0,43.0,0
33,2023-12-11 00:00:00,22300294,,1610612753,1610612739,2023,,104.0,46.4,76.0,26.9,22.0,43.0,,94.0,35.3,75.8,22.5,15.0,48.0,1
34,2023-12-11 00:00:00,22300297,,1610612752,1610612761,2023,,136.0,60.5,65.2,58.6,36.0,42.0,,130.0,49.0,73.3,35.9,32.0,38.0,1
35,2023-12-11 00:00:00,22300298,,1610612745,1610612759,2023,,93.0,34.4,85.0,30.8,20.0,60.0,,82.0,35.6,68.2,12.2,20.0,51.0,1
36,2023-12-11 00:00:00,22300299,,1610612763,1610612742,2023,,113.0,46.1,81.3,40.9,26.0,38.0,,120.0,50.0,89.5,42.5,27.0,43.0,0
37,2023-12-11 00:00:00,22300302,,1610612760,1610612762,2023,,134.0,52.1,94.1,47.4,35.0,39.0,,120.0,47.8,95.2,31.6,32.0,41.0,1
38,2023-12-11 00:00:00,22300301,,1610612740,1610612750,2023,,121.0,48.8,77.5,37.0,27.0,47.0,,107.0,44.0,73.7,36.1,26.0,47.0,1
39,2023-12-11 00:00:00,22300300,,1610612749,1610612741,2023,,133.0,51.2,81.1,40.5,34.0,48.0,,129.0,41.2,80.0,44.1,25.0,51.0,1
40,2023-12-11 00:00:00,22300296,,1610612737,1610612743,2023,,122.0,45.8,94.4,38.6,25.0,35.0,,129.0,53.4,79.3,41.4,29.0,49.0,0
41,2023-12-11 00:00:00,22300303,,1610612758,1610612751,2023,,131.0,51.1,71.4,55.6,38.0,43.0,,118.0,47.7,95.2,48.3,24.0,41.0,1
42,2023-12-11 00:00:00,22300304,,1610612746,1610612757,2023,,132.0,55.1,95.5,38.2,33.0,35.0,,127.0,47.8,84.6,47.5,25.0,36.0,1
43,2023-12-08 00:00:00,22301217,,1610612753,1610612765,2023,,123.0,55.1,78.9,38.5,26.0,45.0,,91.0,42.0,70.8,20.0,17.0,38.0,1
44,2023-12-08 00:00:00,22301216,,1610612766,1610612761,2023,,119.0,55.7,90.0,52.0,30.0,31.0,,116.0,50.5,76.2,18.8,32.0,42.0,1
45,2023-12-08 00:00:00,22301218,,1610612755,1610612737,2023,,125.0,48.3,81.1,36.7,24.0,48.0,,114.0,39.4,90.5,33.3,20.0,55.0,1
46,2023-12-08 00:00:00,22301227,,1610612738,1610612752,2023,,133.0,52.7,85.7,40.4,24.0,34.0,,123.0,50.0,74.1,40.5,28.0,44.0,1
47,2023-12-08 00:00:00,22301221,,1610612763,1610612750,2023,,103.0,43.0,73.7,42.9,24.0,28.0,,127.0,50.0,92.3,39.5,30.0,54.0,0
48,2023-12-08 00:00:00,22301220,,1610612748,1610612739,2023,,99.0,43.0,66.7,35.7,23.0,37.0,,111.0,46.0,65.4,36.8,21.0,51.0,0
49,2023-12-08 00:00:00,22301222,,1610612760,1610612744,2023,,138.0,52.0,86.1,17.2,15.0,39.0,,136.0,47.1,82.6,39.6,29.0,60.0,1
50,2023-12-08 00:00:00,22301223,,1610612759,1610612741,2023,,112.0,47.0,85.0,40.5,35.0,44.0,,121.0,46.1,58.3,46.4,27.0,56.0,0
51,2023-12-08 00:00:00,22301228,,1610612756,1610612758,2023,,106.0,48.2,65.2,34.4,26.0,40.0,,114.0,45.7,80.0,35.9,25.0,50.0,0
52,2023-12-08 00:00:00,22301224,,1610612743,1610612745,2023,,106.0,42.2,74.1,35.7,22.0,47.0,,114.0,42.7,73.8,33.3,21.0,47.0,0
53,2023-12-08 00:00:00,22301226,,1610612757,1610612742,2023,,112.0,37.1,88.9,34.0,20.0,48.0,,125.0,51.6,86.4,30.8,26.0,42.0,0
54,2023-12-08 00:00:00,22301225,,1610612762,1610612746,2023,,103.0,45.2,75.0,29.0,23.0,40.0,,117.0,48.9,76.2,44.1,23.0,40.0,0
55,2023-12-08 00:00:00,22301219,,1610612751,1610612764,2023,,124.0,48.1,77.8,30.3,27.0,55.0,,97.0,41.8,71.4,18.2,19.0,41.0,1
56,2023-12-07 00:00:00,22301230,,1610612747,1610612740,2023,,133.0,54.7,75.9,48.6,31.0,59.0,,89.0,35.8,70.0,22.6,22.0,42.0,1
57,2023-12-07 00:00:00,22301229,,1610612749,1610612754,2023,,119.0,44.8,75.0,36.4,19.0,46.0,,128.0,49.0,84.0,21.2,30.0,51.0,0
58,2023-12-06 00:00:00,22301206,,1610612765,1610612763,2023,,102.0,45.1,100.0,31.4,30.0,42.0,,116.0,51.6,78.6,42.3,26.0,46.0,0
59,2023-12-06 00:00:00,22301205,,1610612739,1610612753,2023,,121.0,53.5,75.0,41.2,29.0,45.0,,111.0,48.8,73.0,8.7,22.0,36.0,1
60,2023-12-06 00:00:00,22301207,,1610612761,1610612748,2023,,103.0,43.0,88.2,37.8,29.0,46.0,,112.0,46.1,84.2,36.8,33.0,44.0,0
61,2023-12-06 00:00:00,22301209,,1610612737,1610612751,2023,,113.0,44.7,94.4,34.3,25.0,49.0,,114.0,45.7,70.8,40.7,24.0,45.0,0
62,2023-12-06 00:00:00,22301212,,1610612745,1610612760,2023,,110.0,48.2,68.2,45.5,28.0,53.0,,101.0,42.5,79.2,27.6,22.0,30.0,1
63,2023-12-06 00:00:00,22301213,,1610612742,1610612762,2023,,147.0,55.4,68.4,44.9,37.0,47.0,,97.0,40.2,83.3,36.4,22.0,43.0,1
64,2023-12-06 00:00:00,22301211,,1610612741,1610612766,2023,,111.0,42.2,79.3,48.0,23.0,57.0,,100.0,43.3,100.0,27.0,25.0,42.0,1
65,2023-12-06 00:00:00,22301208,,1610612764,1610612755,2023,,126.0,56.5,100.0,40.0,39.0,32.0,,131.0,51.1,85.3,29.6,29.0,43.0,0
66,2023-12-06 00:00:00,22301215,,1610612746,1610612743,2023,,111.0,46.0,76.0,44.4,21.0,51.0,,102.0,41.8,88.9,38.7,29.0,46.0,1
67,2023-12-06 00:00:00,22301214,,1610612744,1610612757,2023,,110.0,41.9,84.8,29.4,20.0,50.0,,106.0,41.1,75.0,34.8,22.0,40.0,1
68,2023-12-06 00:00:00,22301210,,1610612750,1610612759,2023,,102.0,41.4,85.7,30.0,20.0,55.0,,94.0,37.6,66.7,22.2,23.0,49.0,1
69,2023-12-05 00:00:00,22301201,,1610612749,1610612752,2023,,146.0,60.4,68.4,60.5,32.0,37.0,,122.0,49.4,87.9,30.4,27.0,36.0,1
70,2023-12-05 00:00:00,22301203,,1610612747,1610612756,2023,,106.0,37.3,84.0,30.0,24.0,45.0,,103.0,49.3,81.0,48.0,25.0,44.0,1
71,2023-12-04 00:00:00,22301204,,1610612758,1610612740,2023,,117.0,44.7,81.8,34.1,29.0,38.0,,127.0,54.0,82.6,45.2,29.0,42.0,0
72,2023-12-04 00:00:00,22301202,,1610612754,1610612738,2023,,122.0,45.7,81.0,47.5,28.0,41.0,,112.0,47.4,66.7,29.3,27.0,56.0,1
73,2023-12-02 00:00:00,22300280,,1610612746,1610612744,2023,,113.0,48.9,85.7,33.3,31.0,40.0,,112.0,44.2,79.2,39.5,31.0,42.0,1
74,2023-12-02 00:00:00,22300281,,1610612766,1610612750,2023,,117.0,48.4,89.5,48.0,29.0,36.0,,123.0,51.2,86.7,35.5,26.0,41.0,0
75,2023-12-02 00:00:00,22300283,,1610612765,1610612739,2023,,101.0,47.0,65.2,26.7,24.0,49.0,,110.0,49.4,66.7,33.3,25.0,43.0,0
76,2023-12-02 00:00:00,22300286,,1610612749,1610612737,2023,,132.0,59.6,80.0,42.4,33.0,44.0,,121.0,44.6,76.2,39.5,23.0,40.0,1
77,2023-12-02 00:00:00,22300284,,1610612748,1610612754,2023,,129.0,53.9,87.5,48.0,27.0,28.0,,144.0,65.9,80.0,50.0,35.0,32.0,0
78,2023-12-02 00:00:00,22300287,,1610612742,1610612760,2023,,120.0,44.8,65.7,36.5,26.0,47.0,,126.0,44.0,81.8,45.5,24.0,50.0,0
79,2023-12-02 00:00:00,22300288,,1610612756,1610612763,2023,,116.0,43.4,81.4,34.6,24.0,44.0,,109.0,45.3,91.7,29.0,14.0,40.0,1
80,2023-12-02 00:00:00,22300289,,1610612762,1610612757,2023,,118.0,48.9,79.2,20.6,27.0,56.0,,113.0,40.0,88.9,32.5,17.0,40.0,1
81,2023-12-02 00:00:00,22300290,,1610612758,1610612743,2023,,123.0,48.5,73.3,47.1,33.0,47.0,,117.0,49.5,65.0,24.0,35.0,46.0,1
82,2023-12-02 00:00:00,22300285,,1610612741,1610612740,2023,,124.0,54.5,73.3,42.5,32.0,41.0,,118.0,50.0,80.0,32.0,20.0,39.0,1
83,2023-12-02 00:00:00,22300291,,1610612747,1610612745,2023,,107.0,44.9,70.4,29.6,24.0,48.0,,97.0,40.4,77.8,35.5,24.0,54.0,1
84,2023-12-02 00:00:00,22300282,,1610612751,1610612753,2023,,129.0,50.5,74.2,41.2,31.0,57.0,,101.0,39.8,81.5,31.0,24.0,37.0,1
85,2023-12-01 00:00:00,22300279,,1610612756,1610612743,2023,,111.0,46.4,92.3,33.3,22.0,43.0,,119.0,56.8,58.3,37.5,38.0,32.0,0
86,2023-12-01 00:00:00,22300275,,1610612738,1610612755,2023,,125.0,50.6,86.1,48.5,25.0,46.0,,119.0,45.7,73.9,45.7,16.0,42.0,1
87,2023-12-01 00:00:00,22300278,,1610612740,1610612759,2023,,121.0,49.4,93.1,32.3,26.0,42.0,,106.0,45.8,82.4,41.0,28.0,39.0,1
88,2023-12-01 00:00:00,22300277,,1610612742,1610612763,2023,,94.0,37.0,66.7,30.8,27.0,42.0,,108.0,48.9,81.8,32.4,27.0,52.0,0
89,2023-12-01 00:00:00,22300274,,1610612753,1610612764,2023,,130.0,51.7,78.8,38.7,35.0,44.0,,125.0,50.6,71.0,46.4,25.0,40.0,1
90,2023-12-01 00:00:00,22300276,,1610612761,1610612752,2023,,106.0,44.0,70.6,18.8,32.0,48.0,,119.0,50.0,81.3,44.4,30.0,43.0,0
91,2023-11-30 00:00:00,22300270,,1610612750,1610612762,2023,,101.0,43.8,76.9,37.1,29.0,42.0,,90.0,37.9,92.9,32.4,22.0,51.0,1
92,2023-11-30 00:00:00,22300272,,1610612759,1610612737,2023,,135.0,53.9,91.3,43.9,34.0,47.0,,137.0,51.0,86.2,42.4,24.0,37.0,0
93,2023-11-30 00:00:00,22300271,,1610612760,1610612747,2023,,133.0,53.2,86.4,33.3,29.0,48.0,,110.0,44.4,84.4,33.3,24.0,41.0,1
94,2023-11-30 00:00:00,22300273,,1610612744,1610612746,2023,,120.0,50.0,74.2,38.5,30.0,47.0,,114.0,44.2,75.0,37.5,26.0,43.0,1
95,2023-11-30 00:00:00,22300269,,1610612741,1610612749,2023,,120.0,45.9,77.3,35.1,32.0,51.0,,113.0,44.9,69.2,33.3,28.0,43.0,1
96,2023-11-30 00:00:00,22300268,,1610612752,1610612765,2023,,118.0,46.6,71.4,39.0,25.0,41.0,,112.0,53.1,64.7,42.9,22.0,42.0,1
97,2023-11-30 00:00:00,22300265,,1610612739,1610612757,2023,,95.0,42.7,100.0,21.9,25.0,35.0,,103.0,50.6,100.0,40.0,29.0,40.0,0
98,2023-11-30 00:00:00,22300266,,1610612751,1610612766,2023,,128.0,49.5,66.7,38.9,21.0,52.0,,129.0,50.5,100.0,58.3,30.0,41.0,0
99,2023-11-30 00:00:00,22300267,,1610612748,1610612754,2023,,142.0,55.8,84.4,38.1,25.0,48.0,,132.0,51.0,65.6,25.6,30.0,34.0,1
100,2023-11-29 00:00:00,22300259,,1610612753,1610612764,2023,,139.0,60.7,83.3,63.0,34.0,44.0,,120.0,47.1,77.1,37.9,28.0,29.0,1
101,2023-11-29 00:00:00,22300260,,1610612761,1610612756,2023,,112.0,45.2,85.7,37.0,25.0,49.0,,105.0,40.4,95.7,26.9,25.0,47.0,1
102,2023-11-29 00:00:00,22300262,,1610612740,1610612755,2023,,124.0,53.8,88.2,33.3,33.0,40.0,,114.0,51.9,88.9,41.2,28.0,30.0,1
103,2023-11-29 00:00:00,22300263,,1610612743,1610612745,2023,,134.0,50.5,73.1,44.2,37.0,41.0,,124.0,54.7,73.7,39.0,27.0,35.0,1
104,2023-11-29 00:00:00,22300258,,1610612765,1610612747,2023,,107.0,41.2,85.7,41.7,28.0,39.0,,133.0,51.1,81.6,35.3,28.0,49.0,0
105,2023-11-29 00:00:00,22300261,,1610612763,1610612762,2023,,105.0,49.4,75.0,33.3,26.0,51.0,,91.0,37.8,58.3,41.0,26.0,39.0,1
106,2023-11-29 00:00:00,22300264,,1610612758,1610612746,2023,,117.0,46.5,85.7,31.7,22.0,47.0,,131.0,53.8,77.3,50.0,28.0,37.0,0
107,2023-11-28 00:00:00,22300053,,1610612738,1610612741,2023,,124.0,52.2,75.0,42.9,36.0,52.0,,97.0,43.3,55.6,32.1,25.0,37.0,1
108,2023-11-28 00:00:00,22300057,,1610612752,1610612766,2023,,115.0,46.6,90.0,39.5,21.0,54.0,,91.0,41.6,57.1,41.9,21.0,41.0,1
109,2023-11-28 00:00:00,22300054,,1610612751,1610612761,2023,,115.0,44.9,84.6,34.2,26.0,59.0,,103.0,38.6,63.2,36.1,27.0,46.0,1
110,2023-11-28 00:00:00,22300055,,1610612739,1610612737,2023,,128.0,53.8,88.2,36.1,27.0,55.0,,105.0,34.7,91.7,29.5,21.0,44.0,1
111,2023-11-28 00:00:00,22300056,,1610612748,1610612749,2023,,124.0,51.1,66.7,46.7,32.0,35.0,,131.0,53.4,88.9,37.1,26.0,45.0,0
112,2023-11-28 00:00:00,22300058,,1610612750,1610612760,2023,,106.0,42.3,81.3,42.4,18.0,51.0,,103.0,41.1,78.3,36.7,22.0,36.0,1
113,2023-11-28 00:00:00,22300059,,1610612742,1610612745,2023,,121.0,47.2,86.2,35.3,25.0,38.0,,115.0,49.4,79.3,27.6,33.0,40.0,1
114,2023-11-28 00:00:00,22300060,,1610612758,1610612744,2023,,124.0,45.1,64.3,34.1,25.0,46.0,,123.0,48.2,86.7,41.5,25.0,52.0,1
115,2023-11-27 00:00:00,22300253,,1610612765,1610612764,2023,,107.0,42.2,68.4,21.1,29.0,49.0,,126.0,50.6,92.9,34.5,29.0,46.0,0
116,2023-11-27 00:00:00,22300254,,1610612754,1610612757,2023,,110.0,47.7,75.0,24.2,26.0,42.0,,114.0,47.1,80.6,50.0,20.0,38.0,0
117,2023-11-27 00:00:00,22300257,,1610612746,1610612743,2023,,104.0,41.2,82.4,30.0,18.0,49.0,,113.0,47.8,53.6,45.5,28.0,52.0,0
118,2023-11-27 00:00:00,22300255,,1610612755,1610612747,2023,,138.0,50.5,84.6,47.8,33.0,48.0,,94.0,47.0,69.2,25.0,23.0,32.0,1
119,2023-11-27 00:00:00,22300256,,1610612762,1610612740,2023,,114.0,42.0,82.1,35.4,31.0,43.0,,112.0,50.0,68.0,31.8,27.0,48.0,1
120,2023-11-26 00:00:00,22300245,,1610612749,1610612757,2023,,108.0,39.3,75.0,33.3,19.0,52.0,,102.0,40.7,75.0,40.6,21.0,40.0,1
121,2023-11-26 00:00:00,22300250,,1610612751,1610612741,2023,,118.0,49.4,73.3,47.2,29.0,39.0,,109.0,48.2,77.3,37.5,21.0,40.0,1
122,2023-11-26 00:00:00,22300251,,1610612739,1610612761,2023,,105.0,46.4,83.3,32.3,29.0,49.0,,102.0,41.6,69.0,25.0,17.0,50.0,1
123,2023-11-26 00:00:00,22300249,,1610612763,1610612750,2023,,97.0,38.6,70.4,27.0,24.0,35.0,,119.0,53.1,78.3,44.1,30.0,42.0,0
124,2023-11-26 00:00:00,22300246,,1610612738,1610612737,2023,,113.0,44.2,80.0,27.7,24.0,58.0,,103.0,40.9,63.2,35.8,15.0,43.0,1
125,2023-11-26 00:00:00,22300247,,1610612752,1610612756,2023,,113.0,45.3,71.9,41.4,18.0,38.0,,116.0,46.2,76.2,42.1,27.0,47.0,0
126,2023-11-26 00:00:00,22300252,,1610612743,1610612759,2023,,132.0,56.2,80.0,42.9,38.0,45.0,,120.0,45.2,84.6,37.8,34.0,35.0,1
127,2023-11-26 00:00:00,22300248,,1610612753,1610612766,2023,,130.0,54.0,78.8,37.0,33.0,44.0,,117.0,53.0,64.0,43.3,27.0,36.0,1
128,2023-11-25 00:00:00,22300241,,1610612764,1610612737,2023,,108.0,48.9,100.0,26.3,33.0,41.0,,136.0,51.0,70.0,48.6,29.0,49.0,0
129,2023-11-25 00:00:00,22300244,,1610612746,1610612742,2023,,107.0,43.2,74.2,27.6,25.0,57.0,,88.0,37.4,78.6,23.7,17.0,37.0,1
130,2023-11-25 00:00:00,22300240,,1610612751,1610612748,2023,,112.0,50.0,87.0,38.9,27.0,42.0,,97.0,43.7,76.9,32.4,24.0,44.0,1
131,2023-11-25 00:00:00,22300239,,1610612760,1610612755,2023,,123.0,43.9,80.8,37.2,29.0,38.0,,127.0,45.8,82.2,34.1,30.0,49.0,0
132,2023-11-25 00:00:00,22300242,,1610612739,1610612747,2023,,115.0,47.3,87.0,32.1,30.0,37.0,,121.0,52.2,85.7,33.3,34.0,44.0,0
133,2023-11-25 00:00:00,22300243,,1610612762,1610612740,2023,,105.0,43.7,82.4,34.9,23.0,52.0,,100.0,41.9,61.1,30.6,31.0,42.0,1
134,2023-11-24 00:00:00,22300050,,1610612750,1610612758,2023,,111.0,43.9,93.1,36.4,25.0,44.0,,124.0,49.0,81.8,48.6,25.0,46.0,0
135,2023-11-24 00:00:00,22300046,,1610612761,1610612741,2023,,121.0,53.0,74.1,33.3,32.0,40.0,,108.0,51.2,63.2,44.4,20.0,37.0,1
136,2023-11-24 00:00:00,22300043,,1610612753,1610612738,2023,,113.0,50.6,72.7,39.3,23.0,48.0,,96.0,40.8,73.0,24.1,17.0,31.0,1
137,2023-11-24 00:00:00,22300045,,1610612752,1610612748,2023,,100.0,48.1,66.7,34.5,21.0,46.0,,98.0,39.1,95.2,27.0,20.0,41.0,1
138,2023-11-24 00:00:00,22300049,,1610612749,1610612764,2023,,131.0,52.2,78.8,29.0,28.0,50.0,,128.0,48.0,81.0,40.5,29.0,46.0,1
139,2023-11-24 00:00:00,22300048,,1610612745,1610612743,2023,,105.0,48.8,86.7,41.4,25.0,49.0,,86.0,34.0,71.4,23.3,17.0,46.0,1
140,2023-11-24 00:00:00,22300047,,1610612754,1610612765,2023,,136.0,48.0,91.7,42.1,24.0,40.0,,113.0,47.8,83.3,38.9,22.0,43.0,1
141,2023-11-24 00:00:00,22300051,,1610612744,1610612759,2023,,118.0,49.4,79.2,45.2,35.0,41.0,,112.0,45.0,83.3,25.5,28.0,46.0,1
142,2023-11-24 00:00:00,22300044,,1610612763,1610612756,2023,,89.0,46.3,60.0,27.3,22.0,35.0,,110.0,51.3,75.0,35.5,22.0,41.0,0
143,2023-11-24 00:00:00,22300052,,1610612746,1610612740,2023,,106.0,45.7,64.7,29.7,27.0,39.0,,116.0,48.9,74.1,41.7,26.0,50.0,0
144,2023-11-22 00:00:00,22300226,,1610612753,1610612743,2023,,124.0,54.3,86.7,34.5,27.0,41.0,,119.0,47.3,76.2,42.9,29.0,42.0,1
145,2023-11-22 00:00:00,22300225,,1610612766,1610612764,2023,,117.0,47.3,71.4,43.2,27.0,49.0,,114.0,45.4,83.3,34.4,26.0,47.0,1
146,2023-11-22 00:00:00,22300228,,1610612738,1610612749,2023,,119.0,52.4,82.4,40.5,27.0,43.0,,116.0,44.6,76.5,38.2,23.0,47.0,1
147,2023-11-22 00:00:00,22300230,,1610612754,1610612761,2023,,131.0,54.9,81.3,46.2,33.0,31.0,,132.0,53.3,83.3,40.7,26.0,46.0,0
148,2023-11-22 00:00:00,22300227,,1610612737,1610612751,2023,,147.0,44.0,93.1,36.7,24.0,58.0,,145.0,48.7,83.3,42.9,28.0,59.0,1
149,2023-11-22 00:00:00,22300234,,1610612760,1610612741,2023,,116.0,49.3,81.6,37.9,24.0,45.0,,102.0,38.6,100.0,38.6,22.0,38.0,1
150,2023-11-22 00:00:00,22300235,,1610612759,1610612746,2023,,102.0,38.5,91.3,28.9,26.0,44.0,,109.0,45.9,75.9,32.1,29.0,50.0,0
151,2023-11-22 00:00:00,22300231,,1610612745,1610612763,2023,,111.0,43.5,85.0,32.6,22.0,49.0,,91.0,32.9,85.7,21.9,17.0,46.0,1
152,2023-11-22 00:00:00,22300233,,1610612740,1610612758,2023,,117.0,47.1,75.7,23.3,23.0,48.0,,112.0,44.7,82.9,34.1,22.0,38.0,1
153,2023-11-22 00:00:00,22300237,,1610612757,1610612762,2023,,121.0,51.1,66.7,43.6,31.0,37.0,,105.0,46.8,80.8,32.3,25.0,44.0,1
154,2023-11-22 00:00:00,22300232,,1610612750,1610612755,2023,,112.0,48.3,66.7,38.5,28.0,48.0,,99.0,39.1,80.0,21.9,21.0,48.0,1
155,2023-11-22 00:00:00,22300229,,1610612739,1610612748,2023,,96.0,46.8,71.4,46.7,25.0,34.0,,129.0,52.3,81.0,57.1,30.0,41.0,0
156,2023-11-22 00:00:00,22300238,,1610612747,1610612742,2023,,101.0,46.4,63.2,37.9,26.0,51.0,,104.0,39.6,75.0,32.0,21.0,48.0,0
157,2023-11-22 00:00:00,22300236,,1610612756,1610612744,2023,,123.0,44.7,84.6,39.3,22.0,43.0,,115.0,47.8,65.5,31.3,29.0,43.0,1
158,2023-11-21 00:00:00,22300038,,1610612753,1610612761,2023,,126.0,50.0,70.0,38.7,31.0,40.0,,107.0,50.7,77.3,50.0,29.0,38.0,1
159,2023-11-21 00:00:00,22300039,,1610612737,1610612754,2023,,152.0,60.0,82.1,48.4,28.0,39.0,,157.0,60.6,75.0,48.9,35.0,29.0,0
160,2023-11-21 00:00:00,22300040,,1610612755,1610612739,2023,,119.0,41.7,82.4,31.4,19.0,44.0,,122.0,48.9,84.0,36.0,33.0,56.0,0
161,2023-11-21 00:00:00,22300041,,1610612756,1610612757,2023,,120.0,56.6,96.4,41.2,26.0,38.0,,107.0,43.7,85.0,45.2,20.0,30.0,1
162,2023-11-21 00:00:00,22300042,,1610612747,1610612762,2023,,131.0,57.0,81.5,37.9,35.0,52.0,,99.0,38.8,75.0,25.0,25.0,42.0,1
163,2023-11-20 00:00:00,22300222,,1610612740,1610612758,2023,,129.0,54.3,81.0,42.9,38.0,55.0,,93.0,37.9,66.7,24.4,27.0,36.0,1
164,2023-11-20 00:00:00,22300221,,1610612750,1610612752,2023,,117.0,51.3,75.0,32.4,30.0,44.0,,100.0,34.8,79.4,23.7,16.0,50.0,1
165,2023-11-20 00:00:00,22300220,,1610612741,1610612748,2023,,100.0,45.7,93.8,29.7,21.0,36.0,,118.0,50.0,85.0,48.6,31.0,43.0,0
166,2023-11-20 00:00:00,22300218,,1610612765,1610612743,2023,,103.0,44.4,92.3,33.3,21.0,43.0,,107.0,46.0,76.2,39.3,30.0,43.0,0
167,2023-11-20 00:00:00,22300219,,1610612764,1610612749,2023,,129.0,55.6,81.8,34.5,29.0,26.0,,142.0,58.5,75.0,37.9,33.0,55.0,0
168,2023-11-20 00:00:00,22300223,,1610612759,1610612746,2023,,99.0,43.3,78.6,26.3,23.0,49.0,,124.0,47.4,88.0,33.3,30.0,51.0,0
169,2023-11-20 00:00:00,22300217,,1610612766,1610612738,2023,,121.0,44.2,94.1,33.3,29.0,57.0,,118.0,43.3,64.3,32.0,19.0,48.0,1
170,2023-11-20 00:00:00,22300224,,1610612744,1610612745,2023,,121.0,46.8,84.8,48.8,26.0,43.0,,116.0,46.3,78.9,31.7,28.0,48.0,1
171,2023-11-19 00:00:00,22300211,,1610612761,1610612765,2023,,142.0,53.9,62.1,38.9,44.0,47.0,,113.0,47.0,74.3,34.6,25.0,41.0,1
172,2023-11-19 00:00:00,22300216,,1610612747,1610612745,2023,,105.0,47.0,72.4,20.7,26.0,42.0,,104.0,48.8,80.0,37.8,35.0,34.0,1
173,2023-11-19 00:00:00,22300214,,1610612762,1610612756,2023,,137.0,41.7,81.3,32.6,27.0,59.0,,140.0,49.0,84.6,40.0,36.0,44.0,0
174,2023-11-19 00:00:00,22300215,,1610612757,1610612760,2023,,91.0,40.0,66.7,26.5,21.0,31.0,,134.0,60.5,100.0,61.1,28.0,43.0,0
175,2023-11-19 00:00:00,22300213,,1610612763,1610612738,2023,,100.0,38.9,90.0,38.6,28.0,42.0,,102.0,45.5,80.0,38.7,20.0,45.0,0
176,2023-11-19 00:00:00,22300212,,1610612742,1610612758,2023,,113.0,46.6,73.1,35.3,23.0,40.0,,129.0,53.3,76.2,42.5,34.0,48.0,0
177,2023-11-19 00:00:00,22300210,,1610612739,1610612743,2023,,121.0,54.9,76.9,40.7,30.0,47.0,,109.0,47.6,73.9,48.3,23.0,33.0,1
178,2023-11-19 00:00:00,22300209,,1610612754,1610612753,2023,,116.0,44.2,77.4,25.8,24.0,40.0,,128.0,49.4,83.3,35.0,21.0,42.0,0
179,2023-11-19 00:00:00,22300208,,1610612751,1610612755,2023,,99.0,46.9,75.0,39.3,24.0,45.0,,121.0,46.8,94.4,45.7,32.0,44.0,0
180,2023-11-18 00:00:00,22300207,,1610612744,1610612760,2023,,123.0,45.4,81.0,39.1,33.0,49.0,,130.0,52.0,90.0,34.8,26.0,47.0,0
181,2023-11-18 00:00:00,22300206,,1610612759,1610612763,2023,,108.0,43.4,80.8,37.5,26.0,40.0,,120.0,46.5,80.6,33.3,23.0,45.0,0
182,2023-11-18 00:00:00,22300205,,1610612749,1610612742,2023,,132.0,52.1,85.0,37.8,29.0,41.0,,125.0,49.5,70.0,34.0,27.0,49.0,1
183,2023-11-18 00:00:00,22300204,,1610612741,1610612748,2023,,102.0,44.4,73.7,35.6,24.0,44.0,,97.0,42.9,82.6,33.3,23.0,34.0,1
184,2023-11-18 00:00:00,22300203,,1610612740,1610612750,2023,,120.0,51.2,87.0,41.4,27.0,40.0,,121.0,53.8,81.5,41.9,29.0,33.0,0
185,2023-11-18 00:00:00,22300202,,1610612766,1610612752,2023,,108.0,48.8,84.6,48.6,29.0,36.0,,122.0,50.5,73.7,43.2,27.0,47.0,0
186,2023-11-17 00:00:00,22300027,,1610612766,1610612749,2023,,99.0,40.7,86.4,23.1,18.0,43.0,,130.0,55.1,76.9,48.9,32.0,49.0,0
187,2023-11-17 00:00:00,22300028,,1610612764,1610612752,2023,,99.0,45.1,93.8,31.3,25.0,32.0,,120.0,49.5,70.0,42.1,26.0,48.0,0
188,2023-11-17 00:00:00,22300031,,1610612761,1610612738,2023,,105.0,48.3,64.3,36.4,29.0,41.0,,108.0,45.7,88.9,34.8,29.0,44.0,0
189,2023-11-17 00:00:00,22300029,,1610612737,1610612755,2023,,116.0,44.9,80.0,36.4,24.0,39.0,,126.0,48.9,96.4,43.3,32.0,43.0,0
190,2023-11-17 00:00:00,22300030,,1610612739,1610612765,2023,,108.0,51.2,71.4,42.9,21.0,39.0,,100.0,42.9,86.7,25.7,20.0,51.0,1
191,2023-11-17 00:00:00,22300032,,1610612759,1610612758,2023,,120.0,46.7,82.6,41.7,33.0,42.0,,129.0,54.1,79.2,42.9,31.0,42.0,0
192,2023-11-17 00:00:00,22300033,,1610612741,1610612753,2023,,97.0,44.3,77.3,34.5,19.0,34.0,,103.0,48.1,69.6,32.4,24.0,46.0,0
193,2023-11-17 00:00:00,22300034,,1610612740,1610612743,2023,,115.0,52.3,52.4,52.2,33.0,39.0,,110.0,49.0,50.0,25.0,37.0,51.0,1
194,2023-11-17 00:00:00,22300036,,1610612757,1610612747,2023,,95.0,40.4,72.2,27.0,17.0,48.0,,107.0,49.4,68.2,41.4,27.0,44.0,0
195,2023-11-17 00:00:00,22300035,,1610612762,1610612756,2023,,128.0,50.6,83.9,44.4,27.0,39.0,,131.0,52.3,88.5,54.5,35.0,36.0,0
196,2023-11-17 00:00:00,22300037,,1610612746,1610612745,2023,,106.0,43.4,70.0,38.2,22.0,47.0,,100.0,43.2,70.0,32.3,24.0,47.0,1
197,2023-11-16 00:00:00,22300201,,1610612744,1610612760,2023,,109.0,40.8,78.9,34.1,27.0,49.0,,128.0,50.6,91.3,59.4,31.0,42.0,0
198,2023-11-16 00:00:00,22300200,,1610612748,1610612751,2023,,122.0,51.9,95.8,42.9,26.0,32.0,,115.0,47.1,77.8,38.9,29.0,40.0,1
199,2023-11-15 00:00:00,22300192,,1610612764,1610612742,2023,,117.0,48.3,82.6,33.3,23.0,46.0,,130.0,52.2,58.6,40.5,32.0,46.0,0
200,2023-11-15 00:00:00,22300194,,1610612755,1610612738,2023,,107.0,45.9,81.8,36.7,18.0,41.0,,117.0,47.7,78.9,36.0,23.0,45.0,0
201,2023-11-15 00:00:00,22300193,,1610612737,1610612752,2023,,114.0,54.7,76.9,38.7,28.0,30.0,,116.0,47.9,90.9,47.1,29.0,42.0,0
202,2023-11-15 00:00:00,22300195,,1610612761,1610612749,2023,,112.0,39.6,87.1,27.3,28.0,55.0,,128.0,51.8,95.2,51.3,25.0,41.0,0
203,2023-11-15 00:00:00,22300197,,1610612756,1610612750,2023,,133.0,60.0,93.3,54.8,31.0,32.0,,115.0,45.7,92.9,18.5,18.0,40.0,1
204,2023-11-15 00:00:00,22300199,,1610612757,1610612739,2023,,95.0,37.4,87.5,34.2,24.0,30.0,,109.0,56.0,76.2,30.0,23.0,47.0,0
205,2023-11-15 00:00:00,22300198,,1610612747,1610612758,2023,,110.0,50.6,78.9,37.9,25.0,43.0,,125.0,50.0,76.5,36.4,31.0,45.0,0
206,2023-11-15 00:00:00,22300196,,1610612741,1610612753,2023,,94.0,39.8,86.4,27.3,16.0,53.0,,96.0,39.0,80.0,28.6,20.0,46.0,0
207,2023-11-14 00:00:00,22300018,,1610612765,1610612737,2023,,120.0,52.2,69.6,34.5,36.0,42.0,,126.0,51.7,92.3,36.4,28.0,41.0,0
208,2023-11-14 00:00:00,22300017,,1610612766,1610612748,2023,,105.0,44.4,81.8,46.9,21.0,45.0,,111.0,48.2,82.1,25.8,26.0,42.0,0
209,2023-11-14 00:00:00,22300019,,1610612755,1610612754,2023,,126.0,50.0,97.1,27.3,22.0,38.0,,132.0,51.6,69.7,35.1,32.0,41.0,0
210,2023-11-14 00:00:00,22300020,,1610612751,1610612753,2023,,124.0,54.1,65.0,48.7,22.0,44.0,,104.0,43.9,76.2,34.8,23.0,37.0,1
211,2023-11-14 00:00:00,22300021,,1610612760,1610612759,2023,,123.0,51.7,80.0,38.5,34.0,40.0,,87.0,38.7,66.7,30.0,24.0,43.0,1
212,2023-11-14 00:00:00,22300022,,1610612740,1610612742,2023,,131.0,52.1,73.1,36.8,33.0,42.0,,110.0,42.2,76.9,33.3,25.0,45.0,1
213,2023-11-14 00:00:00,22300023,,1610612762,1610612757,2023,,115.0,46.3,93.3,30.2,26.0,52.0,,99.0,42.0,70.0,31.4,23.0,43.0,1
214,2023-11-14 00:00:00,22300024,,1610612743,1610612746,2023,,111.0,53.4,78.1,34.8,26.0,36.0,,108.0,43.0,87.5,44.8,21.0,42.0,1
215,2023-11-14 00:00:00,22300025,,1610612744,1610612750,2023,,101.0,42.0,87.5,33.3,28.0,46.0,,104.0,44.4,85.7,41.2,24.0,42.0,0
216,2023-11-14 00:00:00,22300026,,1610612747,1610612763,2023,,134.0,58.0,75.0,62.9,30.0,54.0,,107.0,36.8,75.0,37.7,28.0,33.0,1
217,2023-11-13 00:00:00,22300188,,1610612738,1610612752,2023,,114.0,50.6,93.8,44.2,27.0,37.0,,98.0,41.8,70.8,42.9,17.0,37.0,1
218,2023-11-13 00:00:00,22300190,,1610612749,1610612741,2023,,118.0,47.2,70.4,31.9,23.0,53.0,,109.0,38.0,90.5,33.3,24.0,47.0,1
219,2023-11-13 00:00:00,22300189,,1610612761,1610612764,2023,,111.0,50.0,68.0,20.0,28.0,48.0,,107.0,51.2,75.0,46.2,32.0,38.0,1
220,2023-11-13 00:00:00,22300191,,1610612758,1610612739,2023,,132.0,59.0,63.6,47.6,32.0,37.0,,120.0,49.5,82.4,45.7,24.0,39.0,1
221,2023-11-12 00:00:00,22300177,,1610612752,1610612766,2023,,129.0,54.0,66.7,41.7,25.0,40.0,,107.0,46.8,63.6,34.3,21.0,36.0,1
222,2023-11-12 00:00:00,22300178,,1610612751,1610612764,2023,,102.0,37.8,80.0,24.5,22.0,66.0,,94.0,37.5,72.0,24.4,20.0,42.0,1
223,2023-11-12 00:00:00,22300179,,1610612746,1610612763,2023,,101.0,43.5,65.2,35.3,26.0,41.0,,105.0,42.0,75.0,31.7,25.0,41.0,0
224,2023-11-12 00:00:00,22300180,,1610612755,1610612754,2023,,137.0,50.5,85.0,42.4,28.0,54.0,,126.0,52.2,84.2,41.0,31.0,32.0,1
225,2023-11-12 00:00:00,22300182,,1610612745,1610612743,2023,,107.0,42.5,79.3,31.3,20.0,45.0,,104.0,46.2,78.6,28.1,24.0,49.0,1
226,2023-11-12 00:00:00,22300183,,1610612740,1610612742,2023,,124.0,51.1,59.1,47.2,31.0,54.0,,136.0,49.0,76.2,37.7,29.0,42.0,0
227,2023-11-12 00:00:00,22300184,,1610612759,1610612748,2023,,113.0,46.2,83.3,43.2,35.0,50.0,,118.0,43.8,93.3,38.7,26.0,41.0,0
228,2023-11-12 00:00:00,22300181,,1610612741,1610612765,2023,,119.0,48.4,80.0,36.7,22.0,40.0,,108.0,43.2,80.8,34.4,26.0,49.0,1
229,2023-11-12 00:00:00,22300185,,1610612756,1610612760,2023,,99.0,38.6,83.9,31.0,20.0,51.0,,111.0,48.8,84.0,37.0,23.0,33.0,0
230,2023-11-12 00:00:00,22300186,,1610612744,1610612750,2023,,110.0,38.5,85.7,27.9,24.0,51.0,,116.0,52.4,70.0,33.3,27.0,47.0,0
231,2023-11-12 00:00:00,22300187,,1610612747,1610612757,2023,,116.0,48.8,81.1,21.1,27.0,41.0,,110.0,50.0,77.8,35.1,29.0,38.0,1
232,2023-11-11 00:00:00,22300173,,1610612753,1610612749,2023,,112.0,42.9,85.7,38.5,24.0,43.0,,97.0,49.4,48.0,31.0,25.0,36.0,1
233,2023-11-11 00:00:00,22300176,,1610612744,1610612739,2023,,110.0,41.1,76.7,34.2,26.0,55.0,,118.0,43.0,76.7,36.7,23.0,45.0,0
234,2023-11-11 00:00:00,22300175,,1610612737,1610612748,2023,,109.0,43.7,83.3,39.1,23.0,48.0,,117.0,48.8,92.0,31.6,23.0,39.0,0
235,2023-11-11 00:00:00,22300174,,1610612738,1610612761,2023,,117.0,54.7,61.5,34.1,30.0,46.0,,94.0,38.5,87.5,27.0,25.0,37.0,1
236,2023-11-10 00:00:00,22300016,,1610612758,1610612760,2023,,105.0,41.8,76.2,27.7,28.0,52.0,,98.0,44.8,81.3,23.3,22.0,38.0,1
237,2023-11-10 00:00:00,22300008,,1610612765,1610612755,2023,,106.0,46.5,81.8,28.6,28.0,48.0,,114.0,42.2,85.4,32.1,23.0,46.0,0
238,2023-11-10 00:00:00,22300010,,1610612738,1610612751,2023,,121.0,43.6,71.4,36.5,29.0,52.0,,107.0,44.7,88.9,40.5,26.0,46.0,1
239,2023-11-10 00:00:00,22300012,,1610612763,1610612762,2023,,121.0,45.5,76.9,39.6,23.0,37.0,,127.0,53.9,93.1,48.6,28.0,38.0,0
240,2023-11-10 00:00:00,22300009,,1610612764,1610612766,2023,,117.0,48.9,85.0,36.8,28.0,36.0,,124.0,45.5,64.3,21.4,31.0,67.0,0
241,2023-11-10 00:00:00,22300013,,1610612759,1610612750,2023,,110.0,46.7,63.2,35.3,29.0,38.0,,117.0,49.4,77.8,37.0,23.0,51.0,0
242,2023-11-10 00:00:00,22300014,,1610612742,1610612746,2023,,144.0,52.0,88.5,45.2,30.0,41.0,,126.0,48.9,88.9,29.6,21.0,47.0,1
243,2023-11-10 00:00:00,22300015,,1610612756,1610612747,2023,,119.0,44.7,74.1,40.5,22.0,52.0,,122.0,50.0,76.5,44.4,27.0,43.0,0
244,2023-11-10 00:00:00,22300011,,1610612745,1610612740,2023,,104.0,40.9,78.6,28.6,20.0,42.0,,101.0,45.3,73.5,32.0,12.0,49.0,1
245,2023-11-09 00:00:00,22300172,,1610612753,1610612737,2023,,119.0,46.7,71.4,37.0,19.0,47.0,,120.0,48.2,76.7,38.5,22.0,36.0,0
246,2023-11-09 00:00:00,22300171,,1610612754,1610612749,2023,,126.0,47.8,90.0,41.7,27.0,40.0,,124.0,52.9,88.5,33.3,23.0,41.0,1
247,2023-11-08 00:00:00,22300163,,1610612745,1610612747,2023,,128.0,54.8,63.2,42.4,26.0,57.0,,94.0,42.4,62.5,28.0,20.0,34.0,1
248,2023-11-08 00:00:00,22300157,,1610612766,1610612764,2023,,116.0,51.9,74.3,32.0,17.0,47.0,,132.0,48.5,80.0,41.9,26.0,40.0,0
249,2023-11-08 00:00:00,22300158,,1610612754,1610612762,2023,,134.0,51.5,85.0,31.7,26.0,46.0,,118.0,46.9,94.4,40.7,26.0,47.0,1
250,2023-11-08 00:00:00,22300167,,1610612760,1610612739,2023,,128.0,51.2,93.3,42.9,23.0,41.0,,120.0,50.6,73.0,31.0,26.0,41.0,1
251,2023-11-08 00:00:00,22300164,,1610612763,1610612748,2023,,102.0,38.9,75.0,29.7,20.0,38.0,,108.0,45.5,84.4,39.3,22.0,44.0,0
252,2023-11-08 00:00:00,22300166,,1610612750,1610612740,2023,,122.0,54.9,70.8,40.5,30.0,48.0,,101.0,38.7,95.5,28.6,23.0,40.0,1
253,2023-11-08 00:00:00,22300160,,1610612751,1610612746,2023,,100.0,40.2,84.6,36.6,22.0,49.0,,93.0,39.6,100.0,22.2,22.0,51.0,1
254,2023-11-08 00:00:00,22300168,,1610612742,1610612761,2023,,116.0,47.6,61.3,41.5,25.0,38.0,,127.0,49.5,66.7,30.6,27.0,50.0,0
255,2023-11-08 00:00:00,22300169,,1610612743,1610612744,2023,,108.0,44.6,68.2,31.4,24.0,45.0,,105.0,43.0,76.9,31.4,21.0,49.0,1
256,2023-11-08 00:00:00,22300165,,1610612749,1610612765,2023,,120.0,45.6,84.4,29.7,19.0,36.0,,118.0,49.0,93.8,24.1,28.0,53.0,1
257,2023-11-08 00:00:00,22300161,,1610612752,1610612759,2023,,126.0,46.0,68.2,45.2,28.0,47.0,,105.0,48.9,61.5,26.5,31.0,46.0,1
258,2023-11-08 00:00:00,22300170,,1610612758,1610612757,2023,,121.0,46.1,73.7,29.7,32.0,50.0,,118.0,50.6,75.9,36.4,26.0,36.0,1
259,2023-11-08 00:00:00,22300162,,1610612741,1610612756,2023,,115.0,43.8,73.9,42.4,30.0,39.0,,116.0,42.2,84.0,39.6,32.0,54.0,0
260,2023-11-08 00:00:00,22300159,,1610612755,1610612738,2023,,106.0,44.2,86.7,26.5,20.0,56.0,,103.0,39.6,84.2,31.9,28.0,43.0,1
261,2023-11-06 00:00:00,22300145,,1610612765,1610612744,2023,,109.0,47.5,95.2,43.3,23.0,39.0,,120.0,47.4,76.2,29.3,26.0,44.0,0
262,2023-11-06 00:00:00,22300146,,1610612754,1610612759,2023,,152.0,57.9,95.7,52.6,38.0,49.0,,111.0,42.6,76.7,30.8,26.0,36.0,1
263,2023-11-06 00:00:00,22300148,,1610612755,1610612764,2023,,146.0,56.0,88.9,38.7,37.0,45.0,,128.0,51.0,80.0,41.2,31.0,38.0,1
264,2023-11-06 00:00:00,22300147,,1610612753,1610612742,2023,,102.0,47.1,77.8,29.6,27.0,38.0,,117.0,50.0,71.4,37.5,21.0,31.0,0
265,2023-11-06 00:00:00,22300151,,1610612752,1610612746,2023,,111.0,46.6,94.4,38.7,28.0,48.0,,97.0,49.3,87.5,34.4,21.0,31.0,1
266,2023-11-06 00:00:00,22300150,,1610612748,1610612747,2023,,108.0,46.6,87.5,32.4,30.0,44.0,,107.0,54.3,78.6,30.8,28.0,38.0,1
267,2023-11-06 00:00:00,22300149,,1610612751,1610612749,2023,,125.0,48.5,84.6,35.6,22.0,46.0,,129.0,47.9,87.5,33.3,26.0,48.0,0
268,2023-11-06 00:00:00,22300152,,1610612741,1610612762,2023,,130.0,51.6,84.2,52.9,26.0,36.0,,113.0,47.7,88.2,37.2,32.0,52.0,1
269,2023-11-06 00:00:00,22300153,,1610612745,1610612758,2023,,122.0,57.3,77.8,48.4,28.0,39.0,,97.0,44.4,55.0,35.0,22.0,34.0,1
270,2023-11-06 00:00:00,22300154,,1610612750,1610612738,2023,,114.0,51.8,52.0,35.1,26.0,45.0,,109.0,39.1,76.5,28.2,20.0,45.0,1
271,2023-11-06 00:00:00,22300156,,1610612743,1610612740,2023,,134.0,53.7,73.9,38.5,37.0,45.0,,116.0,50.0,86.7,43.3,24.0,38.0,1
272,2023-11-06 00:00:00,22300155,,1610612760,1610612737,2023,,126.0,47.9,95.7,40.0,27.0,49.0,,117.0,37.3,84.4,33.3,27.0,59.0,1
273,2023-11-05 00:00:00,22300144,,1610612757,1610612763,2023,,100.0,38.9,80.0,31.1,23.0,47.0,,112.0,50.6,69.2,40.6,27.0,49.0,0
274,2023-11-05 00:00:00,22300143,,1610612742,1610612766,2023,,124.0,47.3,75.0,33.3,31.0,47.0,,118.0,49.5,57.1,26.7,30.0,43.0,1
275,2023-11-05 00:00:00,22300140,,1610612765,1610612756,2023,,106.0,49.4,85.7,34.8,25.0,33.0,,120.0,50.0,89.7,38.1,29.0,43.0,0
276,2023-11-05 00:00:00,22300141,,1610612759,1610612761,2023,,116.0,50.0,76.9,31.3,30.0,46.0,,123.0,45.4,61.5,39.6,29.0,47.0,0
277,2023-11-05 00:00:00,22300142,,1610612739,1610612744,2023,,115.0,49.4,78.6,29.7,26.0,54.0,,104.0,36.2,66.7,39.0,26.0,44.0,1
278,2023-11-04 00:00:00,22300132,,1610612755,1610612756,2023,,112.0,47.8,83.3,36.7,24.0,51.0,,100.0,36.0,81.8,25.7,22.0,42.0,1
279,2023-11-04 00:00:00,22300135,,1610612740,1610612737,2023,,105.0,47.6,81.0,25.8,24.0,35.0,,123.0,48.4,79.2,34.1,28.0,52.0,0
280,2023-11-04 00:00:00,22300134,,1610612753,1610612747,2023,,120.0,45.5,84.2,36.4,29.0,51.0,,101.0,44.0,90.5,26.7,17.0,40.0,1
281,2023-11-04 00:00:00,22300133,,1610612754,1610612766,2023,,124.0,48.4,75.0,48.9,31.0,36.0,,125.0,53.4,100.0,40.0,23.0,41.0,0
282,2023-11-04 00:00:00,22300138,,1610612750,1610612762,2023,,123.0,55.6,77.4,37.5,25.0,43.0,,95.0,38.5,76.5,27.9,20.0,39.0,1
283,2023-11-04 00:00:00,22300136,,1610612751,1610612738,2023,,114.0,43.0,64.7,32.7,22.0,42.0,,124.0,47.8,85.2,33.3,22.0,50.0,0
284,2023-11-04 00:00:00,22300139,,1610612743,1610612741,2023,,123.0,51.9,76.7,44.4,31.0,49.0,,101.0,45.3,69.6,26.9,28.0,37.0,1
285,2023-11-04 00:00:00,22300137,,1610612745,1610612758,2023,,107.0,46.0,70.0,36.1,28.0,53.0,,89.0,38.1,73.7,26.8,20.0,43.0,1
286,2023-11-03 00:00:00,22300007,,1610612757,1610612763,2023,,115.0,40.6,77.8,28.1,19.0,50.0,,113.0,49.0,69.2,28.6,29.0,48.0,1
287,2023-11-03 00:00:00,22300006,,1610612743,1610612742,2023,,125.0,52.7,73.7,43.3,33.0,51.0,,114.0,47.7,88.2,40.5,27.0,34.0,1
288,2023-11-03 00:00:00,22300005,,1610612760,1610612744,2023,,139.0,60.2,80.0,51.7,26.0,32.0,,141.0,53.3,83.3,45.0,36.0,38.0,0
289,2023-11-03 00:00:00,22300003,,1610612748,1610612764,2023,,121.0,60.0,85.7,48.1,35.0,37.0,,114.0,56.8,52.9,46.4,33.0,30.0,1
290,2023-11-03 00:00:00,22300002,,1610612749,1610612752,2023,,110.0,42.7,71.4,51.3,24.0,41.0,,105.0,39.6,76.0,25.6,18.0,56.0,1
291,2023-11-03 00:00:00,22300004,,1610612741,1610612751,2023,,107.0,48.3,71.4,39.3,21.0,42.0,,109.0,45.8,60.0,40.0,32.0,39.0,0
292,2023-11-03 00:00:00,22300001,,1610612754,1610612739,2023,,121.0,52.3,66.7,48.4,28.0,40.0,,116.0,52.4,80.0,28.6,27.0,35.0,1
293,2023-11-02 00:00:00,22300130,,1610612762,1610612753,2023,,113.0,46.1,73.1,36.4,27.0,48.0,,115.0,45.9,75.0,34.5,27.0,43.0,0
294,2023-11-02 00:00:00,22300128,,1610612755,1610612761,2023,,114.0,45.7,84.0,36.0,21.0,46.0,,99.0,48.1,68.4,35.7,30.0,41.0,1
295,2023-11-02 00:00:00,22300129,,1610612740,1610612765,2023,,125.0,48.8,94.3,43.8,27.0,36.0,,116.0,43.6,80.8,34.2,30.0,48.0,1
296,2023-11-02 00:00:00,22300131,,1610612756,1610612759,2023,,121.0,53.8,73.1,50.0,26.0,34.0,,132.0,52.0,92.3,48.6,37.0,41.0,0
297,2023-11-01 00:00:00,22300115,,1610612765,1610612757,2023,,101.0,44.4,90.9,37.9,24.0,38.0,,110.0,46.9,81.8,35.0,23.0,44.0,0
298,2023-11-01 00:00:00,22300116,,1610612761,1610612749,2023,,130.0,56.0,92.9,39.5,35.0,50.0,,111.0,46.1,73.7,38.2,19.0,29.0,1
299,2023-11-01 00:00:00,22300118,,1610612738,1610612754,2023,,155.0,56.8,96.4,57.1,27.0,57.0,,104.0,45.5,58.3,13.5,26.0,31.0,1
300,2023-11-01 00:00:00,22300119,,1610612748,1610612751,2023,,105.0,42.9,77.8,34.2,22.0,46.0,,109.0,45.1,73.1,44.4,27.0,47.0,0
301,2023-11-01 00:00:00,22300117,,1610612737,1610612764,2023,,130.0,50.0,90.6,28.1,26.0,57.0,,121.0,50.5,64.3,25.0,32.0,35.0,1
302,2023-11-01 00:00:00,22300120,,1610612752,1610612739,2023,,89.0,34.8,66.7,16.7,18.0,50.0,,95.0,43.2,95.0,37.5,22.0,46.0,0
303,2023-11-01 00:00:00,22300122,,1610612745,1610612766,2023,,128.0,52.4,82.6,56.8,35.0,38.0,,119.0,50.0,72.0,40.7,21.0,44.0,1
304,2023-11-01 00:00:00,22300121,,1610612760,1610612740,2023,,106.0,43.2,92.0,20.6,23.0,49.0,,110.0,39.2,58.6,31.0,23.0,58.0,0
305,2023-11-01 00:00:00,22300123,,1610612750,1610612743,2023,,110.0,45.8,96.3,38.1,20.0,47.0,,89.0,39.6,70.0,18.2,23.0,43.0,1
306,2023-11-01 00:00:00,22300124,,1610612742,1610612741,2023,,114.0,45.7,71.4,41.7,23.0,45.0,,105.0,47.2,90.9,33.3,19.0,43.0,1
307,2023-11-01 00:00:00,22300127,,1610612747,1610612746,2023,,130.0,51.1,75.0,34.4,28.0,51.0,,125.0,47.5,63.0,41.2,22.0,46.0,1
308,2023-11-01 00:00:00,22300126,,1610612744,1610612758,2023,,102.0,48.1,86.7,35.5,32.0,36.0,,101.0,40.9,78.3,31.4,24.0,48.0,1
309,2023-11-01 00:00:00,22300125,,1610612762,1610612763,2023,,133.0,54.0,70.8,51.2,35.0,50.0,,109.0,36.5,78.1,25.9,25.0,42.0,1
310,2023-10-31 00:00:00,22300114,,1610612746,1610612753,2023,,118.0,49.4,69.6,45.2,29.0,44.0,,102.0,46.9,57.6,23.3,23.0,40.0,1
311,2023-10-31 00:00:00,22300113,,1610612756,1610612759,2023,,114.0,50.6,80.0,46.2,29.0,43.0,,115.0,46.7,75.0,37.8,25.0,37.0,0
312,2023-10-31 00:00:00,22300112,,1610612739,1610612752,2023,,91.0,39.1,75.0,26.3,19.0,46.0,,109.0,44.2,80.0,38.2,18.0,48.0,0
313,2023-10-30 00:00:00,22300103,,1610612764,1610612738,2023,,107.0,44.8,69.2,30.6,26.0,40.0,,126.0,50.0,71.4,35.8,31.0,51.0,0
314,2023-10-30 00:00:00,22300101,,1610612766,1610612751,2023,,121.0,49.0,95.0,25.8,33.0,39.0,,133.0,56.3,71.9,36.4,25.0,46.0,0
315,2023-10-30 00:00:00,22300102,,1610612754,1610612741,2023,,105.0,40.9,84.0,26.1,26.0,47.0,,112.0,46.0,83.9,35.3,19.0,44.0,0
316,2023-10-30 00:00:00,22300104,,1610612737,1610612750,2023,,127.0,55.8,94.4,46.7,28.0,36.0,,113.0,48.9,60.0,48.5,24.0,38.0,1
317,2023-10-30 00:00:00,22300105,,1610612761,1610612757,2023,,91.0,40.4,73.3,13.8,19.0,47.0,,99.0,44.7,80.0,31.4,20.0,51.0,0
318,2023-10-30 00:00:00,22300106,,1610612763,1610612742,2023,,110.0,45.7,60.0,37.8,22.0,44.0,,125.0,50.0,75.0,48.9,24.0,48.0,0
319,2023-10-30 00:00:00,22300108,,1610612740,1610612744,2023,,102.0,40.9,61.5,25.6,23.0,39.0,,130.0,52.0,65.0,36.6,28.0,64.0,0
320,2023-10-30 00:00:00,22300109,,1610612760,1610612765,2023,,124.0,53.0,82.1,44.8,21.0,44.0,,112.0,42.9,79.2,53.6,31.0,41.0,1
321,2023-10-30 00:00:00,22300111,,1610612747,1610612753,2023,,106.0,53.2,77.8,29.6,28.0,40.0,,103.0,40.0,72.2,40.0,28.0,44.0,1
322,2023-10-30 00:00:00,22300107,,1610612749,1610612748,2023,,122.0,50.6,73.3,32.4,24.0,43.0,,114.0,47.7,95.0,38.2,27.0,40.0,1
323,2023-10-30 00:00:00,22300110,,1610612743,1610612762,2023,,110.0,56.0,41.2,32.1,32.0,43.0,,102.0,42.9,46.7,29.7,30.0,51.0,1
324,2023-10-29 00:00:00,22300097,,1610612749,1610612737,2023,,110.0,45.3,80.0,36.4,22.0,39.0,,127.0,50.5,81.8,40.5,32.0,46.0,0
325,2023-10-29 00:00:00,22300096,,1610612745,1610612744,2023,,95.0,37.8,94.7,27.3,22.0,42.0,,106.0,43.2,78.3,40.0,27.0,49.0,0
326,2023-10-29 00:00:00,22300098,,1610612755,1610612757,2023,,126.0,48.8,87.5,39.3,28.0,51.0,,98.0,38.3,86.4,22.6,19.0,42.0,1
327,2023-10-29 00:00:00,22300099,,1610612746,1610612759,2023,,123.0,51.6,61.9,38.1,23.0,48.0,,83.0,37.5,75.0,33.3,21.0,37.0,1
328,2023-10-29 00:00:00,22300100,,1610612758,1610612747,2023,,132.0,47.1,70.8,35.4,30.0,47.0,,127.0,43.9,76.5,33.3,27.0,53.0,1
329,2023-10-29 00:00:00,22300095,,1610612760,1610612743,2023,,95.0,41.1,83.3,18.8,22.0,29.0,,128.0,60.2,84.6,40.7,34.0,48.0,0
330,2023-10-28 00:00:00,22300089,,1610612764,1610612763,2023,,113.0,43.0,77.3,34.8,24.0,45.0,,106.0,42.9,100.0,40.4,27.0,45.0,1
331,2023-10-28 00:00:00,22300090,,1610612740,1610612752,2023,,96.0,46.0,43.8,27.3,20.0,43.0,,87.0,36.7,77.8,18.9,19.0,59.0,1
332,2023-10-28 00:00:00,22300091,,1610612739,1610612754,2023,,113.0,43.4,62.5,38.7,29.0,51.0,,125.0,49.0,82.4,39.5,36.0,48.0,0
333,2023-10-28 00:00:00,22300088,,1610612765,1610612741,2023,,118.0,52.3,80.0,42.9,29.0,53.0,,102.0,41.9,81.3,39.3,16.0,33.0,1
334,2023-10-28 00:00:00,22300094,,1610612756,1610612762,2023,,126.0,52.9,92.9,27.0,31.0,39.0,,104.0,44.0,85.7,32.4,26.0,45.0,1
335,2023-10-28 00:00:00,22300093,,1610612750,1610612748,2023,,106.0,51.2,75.0,35.3,30.0,47.0,,90.0,40.2,57.1,31.6,24.0,42.0,1
336,2023-10-28 00:00:00,22300092,,1610612761,1610612755,2023,,107.0,43.7,73.7,53.1,28.0,41.0,,114.0,50.0,85.7,35.7,25.0,42.0,0
